{"users":[{"username":"john","type":"admin","password":"potato","country":"united states","movies":[],"balance":"0"},{"username":"lisa","type":"normal","password":"chips123","country":"spain","movies":[{"id":"2","name":"The Pursuit Of Happyness","availableAmount":"0","totalAmount":"0"},{"id":"3","name":"The Notebook","availableAmount":"0","totalAmount":"0"}],"balance":"37"},{"username":"shlomi","type":"normal","password":"cocacola","country":"israel","movies":[{"id":"1","name":"The Godfather","availableAmount":"0","totalAmount":"0"},{"id":"2","name":"The Pursuit Of Happyness","availableAmount":"0","totalAmount":"0"},{"id":"4","name":"Justice League","price":"17","bannedCountries":["jordan","iran","lebanon"],"availableAmount":"3","totalAmount":"4"}],"balance":"95"}]}